Ville,Latitude,Longitude,Date,Temp_Max,Temp_Min,Humidity,Weather,Rain_Probability,Weather_Score,Temp_Avg,Run_Date
Paris,48.8588897,2.3200410217200766,2025-03-15,3.75,3.62,65,clear sky,0.0,600,3.685,2025-03-14
Paris,48.8588897,2.3200410217200766,2025-03-15,2.79,2.28,70,clear sky,0.0,600,2.535,2025-03-14
Paris,48.8588897,2.3200410217200766,2025-03-15,1.12,1.12,71,clear sky,0.0,600,1.12,2025-03-14
Paris,48.8588897,2.3200410217200766,2025-03-15,3.52,3.52,61,few clouds,0.0,500,3.52,2025-03-14
Paris,48.8588897,2.3200410217200766,2025-03-15,7.6,7.6,46,scattered clouds,0.0,400,7.6,2025-03-14
Paris,48.8588897,2.3200410217200766,2025-03-15,8.28,8.28,42,overcast clouds,0.0,200,8.28,2025-03-14
Paris,48.8588897,2.3200410217200766,2025-03-15,7.43,7.43,48,overcast clouds,0.0,200,7.43,2025-03-14
Paris,48.8588897,2.3200410217200766,2025-03-15,6.04,6.04,55,overcast clouds,0.0,200,6.04,2025-03-14
Lyon,45.7578137,4.8320114,2025-03-15,3.86,3.76,91,overcast clouds,0.9,200,3.81,2025-03-14
Lyon,45.7578137,4.8320114,2025-03-15,3.5,3.3,95,light rain,0.69,-10,3.4,2025-03-14
Lyon,45.7578137,4.8320114,2025-03-15,2.72,2.72,99,snow,1.0,-40,2.72,2025-03-14
Lyon,45.7578137,4.8320114,2025-03-15,3.1,3.1,98,light snow,1.0,-20,3.1,2025-03-14
Lyon,45.7578137,4.8320114,2025-03-15,3.82,3.82,93,light rain,1.0,-10,3.82,2025-03-14
Lyon,45.7578137,4.8320114,2025-03-15,4.56,4.56,86,overcast clouds,0.0,200,4.56,2025-03-14
Lyon,45.7578137,4.8320114,2025-03-15,3.99,3.99,93,overcast clouds,0.06,200,3.99,2025-03-14
Lyon,45.7578137,4.8320114,2025-03-15,3.93,3.93,96,overcast clouds,0.03,200,3.93,2025-03-14
Toulouse,43.6044622,1.4442469,2025-03-15,4.9,2.75,71,scattered clouds,0.0,400,3.825,2025-03-14
Toulouse,43.6044622,1.4442469,2025-03-15,3.11,1.68,77,clear sky,0.0,600,2.395,2025-03-14
Toulouse,43.6044622,1.4442469,2025-03-15,1.0,1.0,87,clear sky,0.0,600,1.0,2025-03-14
Toulouse,43.6044622,1.4442469,2025-03-15,5.17,5.17,66,broken clouds,0.0,300,5.17,2025-03-14
Toulouse,43.6044622,1.4442469,2025-03-15,8.69,8.69,52,light rain,0.2,-10,8.69,2025-03-14
Toulouse,43.6044622,1.4442469,2025-03-15,9.58,9.58,47,light rain,1.0,-10,9.58,2025-03-14
Toulouse,43.6044622,1.4442469,2025-03-15,5.96,5.96,67,light rain,0.73,-10,5.96,2025-03-14
Toulouse,43.6044622,1.4442469,2025-03-15,3.41,3.41,84,clear sky,0.0,600,3.41,2025-03-14
Nantes,47.2186371,-1.5541362,2025-03-15,0.5,-0.62,88,clear sky,0.0,600,-0.06,2025-03-14
Nantes,47.2186371,-1.5541362,2025-03-15,-0.43,-1.17,92,clear sky,0.0,600,-0.7999999999999999,2025-03-14
Nantes,47.2186371,-1.5541362,2025-03-15,-1.78,-1.78,94,clear sky,0.0,600,-1.78,2025-03-14
Nantes,47.2186371,-1.5541362,2025-03-15,4.42,4.42,64,broken clouds,0.0,300,4.42,2025-03-14
Nantes,47.2186371,-1.5541362,2025-03-15,7.52,7.52,54,broken clouds,0.0,300,7.52,2025-03-14
Nantes,47.2186371,-1.5541362,2025-03-15,7.36,7.36,56,light rain,0.2,-10,7.36,2025-03-14
Nantes,47.2186371,-1.5541362,2025-03-15,4.67,4.67,69,overcast clouds,0.0,200,4.67,2025-03-14
Nantes,47.2186371,-1.5541362,2025-03-15,3.08,3.08,72,overcast clouds,0.0,200,3.08,2025-03-14
Strasbourg,48.584614,7.7507127,2025-03-15,2.62,2.62,85,overcast clouds,0.0,200,2.62,2025-03-14
Strasbourg,48.584614,7.7507127,2025-03-15,2.46,2.38,86,overcast clouds,0.0,200,2.42,2025-03-14
Strasbourg,48.584614,7.7507127,2025-03-15,1.97,1.97,84,overcast clouds,0.0,200,1.97,2025-03-14
Strasbourg,48.584614,7.7507127,2025-03-15,4.47,4.47,77,overcast clouds,0.0,200,4.47,2025-03-14
Strasbourg,48.584614,7.7507127,2025-03-15,5.56,5.56,81,overcast clouds,0.0,200,5.56,2025-03-14
Strasbourg,48.584614,7.7507127,2025-03-15,7.76,7.76,68,overcast clouds,0.0,200,7.76,2025-03-14
Strasbourg,48.584614,7.7507127,2025-03-15,5.93,5.93,75,overcast clouds,0.0,200,5.93,2025-03-14
Strasbourg,48.584614,7.7507127,2025-03-15,5.2,5.2,76,overcast clouds,0.0,200,5.2,2025-03-14
Bordeaux,44.841225,-0.5800364,2025-03-15,4.45,3.04,73,clear sky,0.0,600,3.745,2025-03-14
Bordeaux,44.841225,-0.5800364,2025-03-15,3.04,1.99,80,clear sky,0.0,600,2.515,2025-03-14
Bordeaux,44.841225,-0.5800364,2025-03-15,1.17,1.17,89,clear sky,0.0,600,1.17,2025-03-14
Bordeaux,44.841225,-0.5800364,2025-03-15,5.53,5.53,64,few clouds,0.0,500,5.53,2025-03-14
Bordeaux,44.841225,-0.5800364,2025-03-15,9.47,9.47,46,clear sky,0.0,600,9.47,2025-03-14
Bordeaux,44.841225,-0.5800364,2025-03-15,9.65,9.65,41,broken clouds,0.0,300,9.65,2025-03-14
Bordeaux,44.841225,-0.5800364,2025-03-15,6.4,6.4,65,light rain,0.2,-10,6.4,2025-03-14
Bordeaux,44.841225,-0.5800364,2025-03-15,4.23,4.23,78,broken clouds,0.0,300,4.23,2025-03-14
Lille,50.6365654,3.0635282,2025-03-15,3.1,1.87,65,clear sky,0.0,600,2.4850000000000003,2025-03-14
Lille,50.6365654,3.0635282,2025-03-15,1.56,0.48,72,clear sky,0.0,600,1.02,2025-03-14
Lille,50.6365654,3.0635282,2025-03-15,0.16,0.16,74,few clouds,0.0,500,0.16,2025-03-14
Lille,50.6365654,3.0635282,2025-03-15,2.92,2.92,66,few clouds,0.0,500,2.92,2025-03-14
Lille,50.6365654,3.0635282,2025-03-15,6.5,6.5,51,scattered clouds,0.0,400,6.5,2025-03-14
Lille,50.6365654,3.0635282,2025-03-15,7.76,7.76,46,broken clouds,0.0,300,7.76,2025-03-14
Lille,50.6365654,3.0635282,2025-03-15,5.18,5.18,57,broken clouds,0.0,300,5.18,2025-03-14
Lille,50.6365654,3.0635282,2025-03-15,3.57,3.57,62,broken clouds,0.0,300,3.57,2025-03-14
Rennes,48.1113387,-1.6800198,2025-03-15,3.26,-0.09,75,clear sky,0.0,600,1.585,2025-03-14
Rennes,48.1113387,-1.6800198,2025-03-15,1.03,-0.93,83,clear sky,0.0,600,0.0499999999999999,2025-03-14
Rennes,48.1113387,-1.6800198,2025-03-15,-1.21,-1.21,93,clear sky,0.0,600,-1.21,2025-03-14
Rennes,48.1113387,-1.6800198,2025-03-15,4.1,4.1,62,few clouds,0.0,500,4.1,2025-03-14
Rennes,48.1113387,-1.6800198,2025-03-15,6.95,6.95,47,few clouds,0.0,500,6.95,2025-03-14
Rennes,48.1113387,-1.6800198,2025-03-15,7.32,7.32,53,broken clouds,0.0,300,7.32,2025-03-14
Rennes,48.1113387,-1.6800198,2025-03-15,4.06,4.06,66,broken clouds,0.0,300,4.06,2025-03-14
Rennes,48.1113387,-1.6800198,2025-03-15,2.15,2.15,78,overcast clouds,0.0,200,2.15,2025-03-14
Reims,49.2577886,4.031926,2025-03-15,2.7,0.11,71,few clouds,0.0,500,1.405,2025-03-14
Reims,49.2577886,4.031926,2025-03-15,1.08,-0.38,81,clear sky,0.0,600,0.35,2025-03-14
Reims,49.2577886,4.031926,2025-03-15,-0.34,-0.34,83,scattered clouds,0.0,400,-0.34,2025-03-14
Reims,49.2577886,4.031926,2025-03-15,4.2,4.2,65,broken clouds,0.0,300,4.2,2025-03-14
Reims,49.2577886,4.031926,2025-03-15,7.35,7.35,53,broken clouds,0.0,300,7.35,2025-03-14
Reims,49.2577886,4.031926,2025-03-15,8.26,8.26,56,overcast clouds,0.0,200,8.26,2025-03-14
Reims,49.2577886,4.031926,2025-03-15,5.36,5.36,67,overcast clouds,0.0,200,5.36,2025-03-14
Reims,49.2577886,4.031926,2025-03-15,2.89,2.89,75,overcast clouds,0.0,200,2.89,2025-03-14
Saint-Étienne,45.4401467,4.3873058,2025-03-15,1.68,0.7,95,light snow,1.0,-20,1.19,2025-03-14
Saint-Étienne,45.4401467,4.3873058,2025-03-15,0.79,0.1,98,snow,1.0,-40,0.445,2025-03-14
Saint-Étienne,45.4401467,4.3873058,2025-03-15,-0.22,-0.22,100,snow,1.0,-40,-0.22,2025-03-14
Saint-Étienne,45.4401467,4.3873058,2025-03-15,0.53,0.53,100,light snow,1.0,-20,0.53,2025-03-14
Saint-Étienne,45.4401467,4.3873058,2025-03-15,1.07,1.07,101,light snow,1.0,-20,1.07,2025-03-14
Saint-Étienne,45.4401467,4.3873058,2025-03-15,1.33,1.33,96,light snow,0.26,-20,1.33,2025-03-14
Saint-Étienne,45.4401467,4.3873058,2025-03-15,0.23,0.23,98,light snow,0.24,-20,0.23,2025-03-14
Saint-Étienne,45.4401467,4.3873058,2025-03-15,-0.1,-0.1,96,overcast clouds,0.0,200,-0.1,2025-03-14
Toulon,43.1257311,5.9304919,2025-03-15,10.7,10.67,91,broken clouds,0.8,300,10.685,2025-03-14
Toulon,43.1257311,5.9304919,2025-03-15,10.44,10.33,89,broken clouds,0.0,300,10.385,2025-03-14
Toulon,43.1257311,5.9304919,2025-03-15,10.25,10.25,89,broken clouds,0.0,300,10.25,2025-03-14
Toulon,43.1257311,5.9304919,2025-03-15,10.62,10.62,83,light rain,0.47,-10,10.62,2025-03-14
Toulon,43.1257311,5.9304919,2025-03-15,11.95,11.95,66,light rain,0.36,-10,11.95,2025-03-14
Toulon,43.1257311,5.9304919,2025-03-15,11.54,11.54,59,scattered clouds,0.0,400,11.54,2025-03-14
Toulon,43.1257311,5.9304919,2025-03-15,10.35,10.35,59,few clouds,0.0,500,10.35,2025-03-14
Toulon,43.1257311,5.9304919,2025-03-15,9.41,9.41,63,clear sky,0.0,600,9.41,2025-03-14
Dijon,47.3215806,5.0414701,2025-03-15,3.96,2.27,80,overcast clouds,0.0,200,3.115,2025-03-14
Dijon,47.3215806,5.0414701,2025-03-15,2.91,1.97,85,overcast clouds,0.0,200,2.44,2025-03-14
Dijon,47.3215806,5.0414701,2025-03-15,2.3,2.3,84,overcast clouds,0.0,200,2.3,2025-03-14
Dijon,47.3215806,5.0414701,2025-03-15,2.8,2.8,90,light snow,0.89,-20,2.8,2025-03-14
Dijon,47.3215806,5.0414701,2025-03-15,5.72,5.72,81,light rain,0.83,-10,5.72,2025-03-14
Dijon,47.3215806,5.0414701,2025-03-15,4.55,4.55,93,light rain,1.0,-10,4.55,2025-03-14
Dijon,47.3215806,5.0414701,2025-03-15,4.19,4.19,95,light rain,1.0,-10,4.19,2025-03-14
Dijon,47.3215806,5.0414701,2025-03-15,3.96,3.96,95,light rain,0.98,-10,3.96,2025-03-14
Angers,47.4739884,-0.5515588,2025-03-15,2.6,-0.52,80,few clouds,0.0,500,1.04,2025-03-14
Angers,47.4739884,-0.5515588,2025-03-15,0.69,-1.05,86,scattered clouds,0.0,400,-0.18,2025-03-14
Angers,47.4739884,-0.5515588,2025-03-15,-0.98,-0.98,88,scattered clouds,0.0,400,-0.98,2025-03-14
Angers,47.4739884,-0.5515588,2025-03-15,4.03,4.03,64,overcast clouds,0.0,200,4.03,2025-03-14
Angers,47.4739884,-0.5515588,2025-03-15,7.52,7.52,53,broken clouds,0.0,300,7.52,2025-03-14
Angers,47.4739884,-0.5515588,2025-03-15,7.35,7.35,51,overcast clouds,0.0,200,7.35,2025-03-14
Angers,47.4739884,-0.5515588,2025-03-15,4.49,4.49,67,overcast clouds,0.0,200,4.49,2025-03-14
Angers,47.4739884,-0.5515588,2025-03-15,2.1,2.1,78,overcast clouds,0.0,200,2.1,2025-03-14
Nîmes,43.8374249,4.3600687,2025-03-15,5.83,5.05,77,scattered clouds,0.0,400,5.44,2025-03-14
Nîmes,43.8374249,4.3600687,2025-03-15,4.82,4.12,76,broken clouds,0.0,300,4.470000000000001,2025-03-14
Nîmes,43.8374249,4.3600687,2025-03-15,4.38,4.38,72,overcast clouds,0.0,200,4.38,2025-03-14
Nîmes,43.8374249,4.3600687,2025-03-15,8.48,8.48,58,broken clouds,0.0,300,8.48,2025-03-14
Nîmes,43.8374249,4.3600687,2025-03-15,12.07,12.07,46,broken clouds,0.0,300,12.07,2025-03-14
Nîmes,43.8374249,4.3600687,2025-03-15,12.7,12.7,43,overcast clouds,0.0,200,12.7,2025-03-14
Nîmes,43.8374249,4.3600687,2025-03-15,9.03,9.03,66,overcast clouds,0.0,200,9.03,2025-03-14
Nîmes,43.8374249,4.3600687,2025-03-15,5.55,5.55,86,scattered clouds,0.0,400,5.55,2025-03-14
Villeurbanne,45.7733573,4.8868454,2025-03-15,3.98,3.77,90,overcast clouds,0.78,200,3.875,2025-03-14
Villeurbanne,45.7733573,4.8868454,2025-03-15,3.58,3.33,94,light rain,0.58,-10,3.455,2025-03-14
Villeurbanne,45.7733573,4.8868454,2025-03-15,2.72,2.72,99,snow,1.0,-40,2.72,2025-03-14
Villeurbanne,45.7733573,4.8868454,2025-03-15,3.1,3.1,98,light snow,1.0,-20,3.1,2025-03-14
Villeurbanne,45.7733573,4.8868454,2025-03-15,3.68,3.68,94,light rain,1.0,-10,3.68,2025-03-14
Villeurbanne,45.7733573,4.8868454,2025-03-15,4.44,4.44,87,overcast clouds,0.0,200,4.44,2025-03-14
Villeurbanne,45.7733573,4.8868454,2025-03-15,4.07,4.07,93,light rain,0.34,-10,4.07,2025-03-14
Villeurbanne,45.7733573,4.8868454,2025-03-15,4.07,4.07,96,light rain,0.3,-10,4.07,2025-03-14
Le Mans,48.0073849,0.1967849,2025-03-15,3.33,0.1,66,clear sky,0.0,600,1.715,2025-03-14
Le Mans,48.0073849,0.1967849,2025-03-15,1.08,-0.85,78,clear sky,0.0,600,0.115,2025-03-14
Le Mans,48.0073849,0.1967849,2025-03-15,-0.22,-0.22,84,scattered clouds,0.0,400,-0.22,2025-03-14
Le Mans,48.0073849,0.1967849,2025-03-15,3.78,3.78,63,broken clouds,0.0,300,3.78,2025-03-14
Le Mans,48.0073849,0.1967849,2025-03-15,7.1,7.1,52,broken clouds,0.0,300,7.1,2025-03-14
Le Mans,48.0073849,0.1967849,2025-03-15,7.31,7.31,55,overcast clouds,0.0,200,7.31,2025-03-14
Le Mans,48.0073849,0.1967849,2025-03-15,5.21,5.21,64,overcast clouds,0.0,200,5.21,2025-03-14
Le Mans,48.0073849,0.1967849,2025-03-15,4.62,4.62,64,overcast clouds,0.0,200,4.62,2025-03-14
Clermont-Ferrand,45.7774551,3.0819427,2025-03-15,2.61,0.81,79,light snow,0.94,-20,1.71,2025-03-14
Clermont-Ferrand,45.7774551,3.0819427,2025-03-15,1.36,0.28,89,snow,1.0,-40,0.8200000000000001,2025-03-14
Clermont-Ferrand,45.7774551,3.0819427,2025-03-15,-0.17,-0.17,98,snow,1.0,-40,-0.17,2025-03-14
Clermont-Ferrand,45.7774551,3.0819427,2025-03-15,0.97,0.97,95,snow,1.0,-40,0.97,2025-03-14
Clermont-Ferrand,45.7774551,3.0819427,2025-03-15,1.95,1.95,97,snow,1.0,-40,1.95,2025-03-14
Clermont-Ferrand,45.7774551,3.0819427,2025-03-15,1.71,1.71,99,light snow,1.0,-20,1.71,2025-03-14
Clermont-Ferrand,45.7774551,3.0819427,2025-03-15,0.87,0.87,97,light snow,1.0,-20,0.87,2025-03-14
Clermont-Ferrand,45.7774551,3.0819427,2025-03-15,0.51,0.51,94,light snow,0.51,-20,0.51,2025-03-14
Brest,48.3905283,-4.4860088,2025-03-15,3.39,3.34,78,clear sky,0.0,600,3.365,2025-03-14
Brest,48.3905283,-4.4860088,2025-03-15,3.74,3.6,82,scattered clouds,0.01,400,3.67,2025-03-14
Brest,48.3905283,-4.4860088,2025-03-15,3.84,3.84,78,scattered clouds,0.0,400,3.84,2025-03-14
Brest,48.3905283,-4.4860088,2025-03-15,6.6,6.6,70,light rain,0.25,-10,6.6,2025-03-14
Brest,48.3905283,-4.4860088,2025-03-15,7.76,7.76,56,broken clouds,0.1,300,7.76,2025-03-14
Brest,48.3905283,-4.4860088,2025-03-15,7.54,7.54,54,overcast clouds,0.0,200,7.54,2025-03-14
Brest,48.3905283,-4.4860088,2025-03-15,5.5,5.5,63,broken clouds,0.0,300,5.5,2025-03-14
Brest,48.3905283,-4.4860088,2025-03-15,4.0,4.0,68,scattered clouds,0.0,400,4.0,2025-03-14
Aix-en-Provence,43.5298424,5.4474738,2025-03-15,7.58,7.0,93,overcast clouds,0.16,200,7.29,2025-03-14
Aix-en-Provence,43.5298424,5.4474738,2025-03-15,6.64,6.61,92,overcast clouds,0.0,200,6.625,2025-03-14
Aix-en-Provence,43.5298424,5.4474738,2025-03-15,6.02,6.02,90,overcast clouds,0.0,200,6.02,2025-03-14
Aix-en-Provence,43.5298424,5.4474738,2025-03-15,6.49,6.49,86,overcast clouds,0.0,200,6.49,2025-03-14
Aix-en-Provence,43.5298424,5.4474738,2025-03-15,9.9,9.9,59,overcast clouds,0.0,200,9.9,2025-03-14
Aix-en-Provence,43.5298424,5.4474738,2025-03-15,10.88,10.88,48,scattered clouds,0.0,400,10.88,2025-03-14
Aix-en-Provence,43.5298424,5.4474738,2025-03-15,9.12,9.12,54,scattered clouds,0.0,400,9.12,2025-03-14
Aix-en-Provence,43.5298424,5.4474738,2025-03-15,7.63,7.63,66,few clouds,0.0,500,7.63,2025-03-14
Amiens,49.8941708,2.2956951,2025-03-15,2.96,0.89,80,broken clouds,0.0,300,1.925,2025-03-14
Amiens,49.8941708,2.2956951,2025-03-15,1.2,-0.2,79,scattered clouds,0.0,400,0.5,2025-03-14
Amiens,49.8941708,2.2956951,2025-03-15,-0.89,-0.89,84,few clouds,0.0,500,-0.89,2025-03-14
Amiens,49.8941708,2.2956951,2025-03-15,2.97,2.97,68,scattered clouds,0.0,400,2.97,2025-03-14
Amiens,49.8941708,2.2956951,2025-03-15,6.24,6.24,55,scattered clouds,0.0,400,6.24,2025-03-14
Amiens,49.8941708,2.2956951,2025-03-15,7.31,7.31,49,overcast clouds,0.0,200,7.31,2025-03-14
Amiens,49.8941708,2.2956951,2025-03-15,4.51,4.51,63,overcast clouds,0.0,200,4.51,2025-03-14
Amiens,49.8941708,2.2956951,2025-03-15,2.04,2.04,76,broken clouds,0.0,300,2.04,2025-03-14
Limoges,45.8354243,1.2644847,2025-03-15,1.92,-2.01,82,broken clouds,0.0,300,-0.0449999999999999,2025-03-14
Limoges,45.8354243,1.2644847,2025-03-15,-0.34,-2.46,90,scattered clouds,0.0,400,-1.4,2025-03-14
Limoges,45.8354243,1.2644847,2025-03-15,-2.02,-2.02,98,broken clouds,0.0,300,-2.02,2025-03-14
Limoges,45.8354243,1.2644847,2025-03-15,2.35,2.35,80,light snow,0.2,-20,2.35,2025-03-14
Limoges,45.8354243,1.2644847,2025-03-15,2.61,2.61,94,light snow,0.63,-20,2.61,2025-03-14
Limoges,45.8354243,1.2644847,2025-03-15,2.96,2.96,97,light snow,1.0,-20,2.96,2025-03-14
Limoges,45.8354243,1.2644847,2025-03-15,1.65,1.65,99,light snow,1.0,-20,1.65,2025-03-14
Limoges,45.8354243,1.2644847,2025-03-15,1.37,1.37,96,light snow,0.2,-20,1.37,2025-03-14
Annecy,45.8992348,6.1288847,2025-03-15,3.86,3.43,96,snow,1.0,-40,3.645,2025-03-14
Annecy,45.8992348,6.1288847,2025-03-15,3.87,3.76,98,light snow,1.0,-20,3.815,2025-03-14
Annecy,45.8992348,6.1288847,2025-03-15,3.33,3.33,99,overcast clouds,0.76,200,3.33,2025-03-14
Annecy,45.8992348,6.1288847,2025-03-15,3.73,3.73,97,overcast clouds,0.2,200,3.73,2025-03-14
Annecy,45.8992348,6.1288847,2025-03-15,4.21,4.21,96,overcast clouds,0.3,200,4.21,2025-03-14
Annecy,45.8992348,6.1288847,2025-03-15,3.73,3.73,100,light rain,1.0,-10,3.73,2025-03-14
Annecy,45.8992348,6.1288847,2025-03-15,2.13,2.13,100,snow,1.0,-40,2.13,2025-03-14
Annecy,45.8992348,6.1288847,2025-03-15,2.05,2.05,100,snow,1.0,-40,2.05,2025-03-14
Perpignan,42.6985304,2.8953121,2025-03-15,8.43,7.62,60,broken clouds,0.0,300,8.025,2025-03-14
Perpignan,42.6985304,2.8953121,2025-03-15,7.95,7.51,56,broken clouds,0.0,300,7.73,2025-03-14
Perpignan,42.6985304,2.8953121,2025-03-15,6.89,6.89,58,overcast clouds,0.0,200,6.89,2025-03-14
Perpignan,42.6985304,2.8953121,2025-03-15,9.57,9.57,45,overcast clouds,0.0,200,9.57,2025-03-14
Perpignan,42.6985304,2.8953121,2025-03-15,12.09,12.09,32,overcast clouds,0.0,200,12.09,2025-03-14
Perpignan,42.6985304,2.8953121,2025-03-15,12.36,12.36,34,scattered clouds,0.0,400,12.36,2025-03-14
Perpignan,42.6985304,2.8953121,2025-03-15,9.36,9.36,51,scattered clouds,0.1,400,9.36,2025-03-14
Perpignan,42.6985304,2.8953121,2025-03-15,7.57,7.57,65,broken clouds,0.2,300,7.57,2025-03-14
Caen,49.1813403,-0.3635615,2025-03-15,4.22,1.9,77,clear sky,0.0,600,3.06,2025-03-14
Caen,49.1813403,-0.3635615,2025-03-15,3.13,2.0,79,clear sky,0.0,600,2.565,2025-03-14
Caen,49.1813403,-0.3635615,2025-03-15,1.48,1.48,74,few clouds,0.0,500,1.48,2025-03-14
Caen,49.1813403,-0.3635615,2025-03-15,3.82,3.82,66,few clouds,0.0,500,3.82,2025-03-14
Caen,49.1813403,-0.3635615,2025-03-15,5.91,5.91,57,scattered clouds,0.0,400,5.91,2025-03-14
Caen,49.1813403,-0.3635615,2025-03-15,6.17,6.17,59,overcast clouds,0.0,200,6.17,2025-03-14
Caen,49.1813403,-0.3635615,2025-03-15,4.33,4.33,66,overcast clouds,0.0,200,4.33,2025-03-14
Caen,49.1813403,-0.3635615,2025-03-15,3.86,3.86,75,overcast clouds,0.0,200,3.86,2025-03-14
Metz,49.1196964,6.1763552,2025-03-15,3.27,1.06,83,scattered clouds,0.0,400,2.165,2025-03-14
Metz,49.1196964,6.1763552,2025-03-15,1.86,0.6,84,broken clouds,0.0,300,1.23,2025-03-14
Metz,49.1196964,6.1763552,2025-03-15,0.59,0.59,82,overcast clouds,0.0,200,0.59,2025-03-14
Metz,49.1196964,6.1763552,2025-03-15,4.31,4.31,68,overcast clouds,0.0,200,4.31,2025-03-14
Metz,49.1196964,6.1763552,2025-03-15,7.3,7.3,61,overcast clouds,0.0,200,7.3,2025-03-14
Metz,49.1196964,6.1763552,2025-03-15,7.37,7.37,65,overcast clouds,0.0,200,7.37,2025-03-14
Metz,49.1196964,6.1763552,2025-03-15,5.47,5.47,68,overcast clouds,0.0,200,5.47,2025-03-14
Metz,49.1196964,6.1763552,2025-03-15,3.19,3.19,81,overcast clouds,0.0,200,3.19,2025-03-14
Besançon,47.2380222,6.0243622,2025-03-15,4.14,3.07,79,overcast clouds,0.0,200,3.605,2025-03-14
Besançon,47.2380222,6.0243622,2025-03-15,3.49,2.89,82,overcast clouds,0.0,200,3.1900000000000004,2025-03-14
Besançon,47.2380222,6.0243622,2025-03-15,2.34,2.34,86,overcast clouds,0.0,200,2.34,2025-03-14
Besançon,47.2380222,6.0243622,2025-03-15,5.23,5.23,73,overcast clouds,0.0,200,5.23,2025-03-14
Besançon,47.2380222,6.0243622,2025-03-15,5.96,5.96,74,overcast clouds,0.0,200,5.96,2025-03-14
Besançon,47.2380222,6.0243622,2025-03-15,5.3,5.3,82,overcast clouds,0.0,200,5.3,2025-03-14
Besançon,47.2380222,6.0243622,2025-03-15,4.47,4.47,93,overcast clouds,0.0,200,4.47,2025-03-14
Besançon,47.2380222,6.0243622,2025-03-15,4.54,4.54,93,overcast clouds,0.04,200,4.54,2025-03-14
Orléans,47.9027336,1.9086066,2025-03-15,3.9,1.86,72,few clouds,0.0,500,2.88,2025-03-14
Orléans,47.9027336,1.9086066,2025-03-15,2.32,1.02,75,clear sky,0.0,600,1.67,2025-03-14
Orléans,47.9027336,1.9086066,2025-03-15,0.24,0.24,83,few clouds,0.0,500,0.24,2025-03-14
Orléans,47.9027336,1.9086066,2025-03-15,3.28,3.28,66,overcast clouds,0.0,200,3.28,2025-03-14
Orléans,47.9027336,1.9086066,2025-03-15,5.46,5.46,59,overcast clouds,0.0,200,5.46,2025-03-14
Orléans,47.9027336,1.9086066,2025-03-15,5.79,5.79,65,light rain,0.23,-10,5.79,2025-03-14
Orléans,47.9027336,1.9086066,2025-03-15,3.67,3.67,82,light rain,0.57,-10,3.67,2025-03-14
Orléans,47.9027336,1.9086066,2025-03-15,4.48,4.48,75,light rain,0.86,-10,4.48,2025-03-14
Rouen,49.4404591,1.0939658,2025-03-15,1.99,0.37,87,few clouds,0.0,500,1.18,2025-03-14
Rouen,49.4404591,1.0939658,2025-03-15,0.88,-0.08,85,clear sky,0.0,600,0.4,2025-03-14
Rouen,49.4404591,1.0939658,2025-03-15,-0.54,-0.54,80,clear sky,0.0,600,-0.54,2025-03-14
Rouen,49.4404591,1.0939658,2025-03-15,3.56,3.56,65,clear sky,0.0,600,3.56,2025-03-14
Rouen,49.4404591,1.0939658,2025-03-15,7.02,7.02,50,scattered clouds,0.0,400,7.02,2025-03-14
Rouen,49.4404591,1.0939658,2025-03-15,7.63,7.63,48,broken clouds,0.0,300,7.63,2025-03-14
Rouen,49.4404591,1.0939658,2025-03-15,4.68,4.68,63,overcast clouds,0.0,200,4.68,2025-03-14
Rouen,49.4404591,1.0939658,2025-03-15,2.15,2.15,81,broken clouds,0.0,300,2.15,2025-03-14
Avignon,43.9492493,4.8059012,2025-03-15,5.11,5.02,85,overcast clouds,0.0,200,5.065,2025-03-14
Avignon,43.9492493,4.8059012,2025-03-15,5.52,5.4,82,overcast clouds,0.0,200,5.46,2025-03-14
Avignon,43.9492493,4.8059012,2025-03-15,4.83,4.83,91,overcast clouds,0.0,200,4.83,2025-03-14
Avignon,43.9492493,4.8059012,2025-03-15,6.84,6.84,76,overcast clouds,0.0,200,6.84,2025-03-14
Avignon,43.9492493,4.8059012,2025-03-15,10.19,10.19,59,overcast clouds,0.0,200,10.19,2025-03-14
Avignon,43.9492493,4.8059012,2025-03-15,11.41,11.41,53,scattered clouds,0.0,400,11.41,2025-03-14
Avignon,43.9492493,4.8059012,2025-03-15,8.41,8.41,66,scattered clouds,0.0,400,8.41,2025-03-14
Avignon,43.9492493,4.8059012,2025-03-15,6.99,6.99,69,overcast clouds,0.0,200,6.99,2025-03-14
Pau,43.2957547,-0.3685668,2025-03-15,3.81,1.84,85,light rain,0.35,-10,2.825,2025-03-14
Pau,43.2957547,-0.3685668,2025-03-15,2.15,0.83,89,broken clouds,0.0,300,1.49,2025-03-14
Pau,43.2957547,-0.3685668,2025-03-15,0.16,0.16,92,scattered clouds,0.0,400,0.16,2025-03-14
Pau,43.2957547,-0.3685668,2025-03-15,5.4,5.4,76,clear sky,0.0,600,5.4,2025-03-14
Pau,43.2957547,-0.3685668,2025-03-15,8.58,8.58,53,light rain,0.2,-10,8.58,2025-03-14
Pau,43.2957547,-0.3685668,2025-03-15,8.93,8.93,54,light rain,0.89,-10,8.93,2025-03-14
Pau,43.2957547,-0.3685668,2025-03-15,4.74,4.74,85,light rain,1.0,-10,4.74,2025-03-14
Pau,43.2957547,-0.3685668,2025-03-15,4.11,4.11,92,light rain,0.43,-10,4.11,2025-03-14
Poitiers,46.5802596,0.340196,2025-03-15,2.79,0.31,89,few clouds,0.0,500,1.55,2025-03-14
Poitiers,46.5802596,0.340196,2025-03-15,1.09,-0.38,91,scattered clouds,0.0,400,0.355,2025-03-14
Poitiers,46.5802596,0.340196,2025-03-15,-1.71,-1.71,92,scattered clouds,0.0,400,-1.71,2025-03-14
Poitiers,46.5802596,0.340196,2025-03-15,2.72,2.72,78,broken clouds,0.0,300,2.72,2025-03-14
Poitiers,46.5802596,0.340196,2025-03-15,5.96,5.96,66,overcast clouds,0.0,200,5.96,2025-03-14
Poitiers,46.5802596,0.340196,2025-03-15,5.79,5.79,69,light rain,0.2,-10,5.79,2025-03-14
Poitiers,46.5802596,0.340196,2025-03-15,3.83,3.83,86,light rain,0.2,-10,3.83,2025-03-14
Poitiers,46.5802596,0.340196,2025-03-15,1.93,1.93,95,overcast clouds,0.0,200,1.93,2025-03-14
Mulhouse,47.7467233,7.3389937,2025-03-15,3.7,2.72,85,overcast clouds,0.0,200,3.21,2025-03-14
Mulhouse,47.7467233,7.3389937,2025-03-15,2.8,2.1,87,overcast clouds,0.0,200,2.45,2025-03-14
Mulhouse,47.7467233,7.3389937,2025-03-15,1.85,1.85,87,overcast clouds,0.0,200,1.85,2025-03-14
Mulhouse,47.7467233,7.3389937,2025-03-15,4.4,4.4,74,overcast clouds,0.0,200,4.4,2025-03-14
Mulhouse,47.7467233,7.3389937,2025-03-15,5.97,5.97,76,overcast clouds,0.0,200,5.97,2025-03-14
Mulhouse,47.7467233,7.3389937,2025-03-15,5.14,5.14,86,overcast clouds,0.0,200,5.14,2025-03-14
Mulhouse,47.7467233,7.3389937,2025-03-15,5.41,5.41,80,overcast clouds,0.0,200,5.41,2025-03-14
Mulhouse,47.7467233,7.3389937,2025-03-15,4.72,4.72,83,overcast clouds,0.01,200,4.72,2025-03-14
Colmar,48.0777517,7.3579641,2025-03-15,3.78,3.45,88,scattered clouds,0.0,400,3.615,2025-03-14
Colmar,48.0777517,7.3579641,2025-03-15,3.07,2.64,89,broken clouds,0.0,300,2.855,2025-03-14
Colmar,48.0777517,7.3579641,2025-03-15,2.25,2.25,89,overcast clouds,0.0,200,2.25,2025-03-14
Colmar,48.0777517,7.3579641,2025-03-15,4.22,4.22,77,overcast clouds,0.0,200,4.22,2025-03-14
Colmar,48.0777517,7.3579641,2025-03-15,5.26,5.26,86,overcast clouds,0.0,200,5.26,2025-03-14
Colmar,48.0777517,7.3579641,2025-03-15,5.18,5.18,88,overcast clouds,0.01,200,5.18,2025-03-14
Colmar,48.0777517,7.3579641,2025-03-15,4.93,4.93,89,light rain,0.39,-10,4.93,2025-03-14
Colmar,48.0777517,7.3579641,2025-03-15,4.08,4.08,92,light rain,0.29,-10,4.08,2025-03-14
Chambéry,45.5662672,5.9203636,2025-03-15,3.44,3.39,97,snow,1.0,-40,3.415,2025-03-14
Chambéry,45.5662672,5.9203636,2025-03-15,3.64,3.58,99,light snow,1.0,-20,3.61,2025-03-14
Chambéry,45.5662672,5.9203636,2025-03-15,3.68,3.68,99,light snow,1.0,-20,3.68,2025-03-14
Chambéry,45.5662672,5.9203636,2025-03-15,3.56,3.56,100,snow,1.0,-40,3.56,2025-03-14
Chambéry,45.5662672,5.9203636,2025-03-15,3.59,3.59,100,snow,1.0,-40,3.59,2025-03-14
Chambéry,45.5662672,5.9203636,2025-03-15,3.06,3.06,100,snow,1.0,-40,3.06,2025-03-14
Chambéry,45.5662672,5.9203636,2025-03-15,2.71,2.71,100,snow,1.0,-40,2.71,2025-03-14
Chambéry,45.5662672,5.9203636,2025-03-15,2.66,2.66,100,snow,1.0,-40,2.66,2025-03-14
Lourdes,43.0940904,-0.0464975,2025-03-15,3.39,0.62,79,light snow,0.87,-20,2.005,2025-03-14
Lourdes,43.0940904,-0.0464975,2025-03-15,1.45,-0.21,86,light snow,0.33,-20,0.62,2025-03-14
Lourdes,43.0940904,-0.0464975,2025-03-15,-0.82,-0.82,93,broken clouds,0.0,300,-0.82,2025-03-14
Lourdes,43.0940904,-0.0464975,2025-03-15,4.06,4.06,77,light snow,0.2,-20,4.06,2025-03-14
Lourdes,43.0940904,-0.0464975,2025-03-15,6.2,6.2,66,light rain,0.2,-10,6.2,2025-03-14
Lourdes,43.0940904,-0.0464975,2025-03-15,6.53,6.53,67,light rain,1.0,-10,6.53,2025-03-14
Lourdes,43.0940904,-0.0464975,2025-03-15,2.68,2.68,92,light snow,1.0,-20,2.68,2025-03-14
Lourdes,43.0940904,-0.0464975,2025-03-15,2.7,2.7,97,light snow,1.0,-20,2.7,2025-03-14
Arles,43.6776223,4.6309653,2025-03-15,6.03,5.1,77,scattered clouds,0.0,400,5.565,2025-03-14
Arles,43.6776223,4.6309653,2025-03-15,5.14,4.46,81,broken clouds,0.0,300,4.8,2025-03-14
Arles,43.6776223,4.6309653,2025-03-15,4.34,4.34,84,overcast clouds,0.0,200,4.34,2025-03-14
Arles,43.6776223,4.6309653,2025-03-15,8.07,8.07,66,overcast clouds,0.0,200,8.07,2025-03-14
Arles,43.6776223,4.6309653,2025-03-15,11.5,11.5,51,broken clouds,0.0,300,11.5,2025-03-14
Arles,43.6776223,4.6309653,2025-03-15,12.35,12.35,47,scattered clouds,0.0,400,12.35,2025-03-14
Arles,43.6776223,4.6309653,2025-03-15,8.53,8.53,66,light rain,0.2,-10,8.53,2025-03-14
Arles,43.6776223,4.6309653,2025-03-15,5.58,5.58,82,scattered clouds,0.0,400,5.58,2025-03-14
Carcassonne,43.2130358,2.3491069,2025-03-15,5.62,4.55,74,broken clouds,0.0,300,5.085,2025-03-14
Carcassonne,43.2130358,2.3491069,2025-03-15,4.13,3.12,79,overcast clouds,0.0,200,3.625,2025-03-14
Carcassonne,43.2130358,2.3491069,2025-03-15,2.21,2.21,85,broken clouds,0.0,300,2.21,2025-03-14
Carcassonne,43.2130358,2.3491069,2025-03-15,6.14,6.14,64,few clouds,0.0,500,6.14,2025-03-14
Carcassonne,43.2130358,2.3491069,2025-03-15,9.68,9.68,45,scattered clouds,0.0,400,9.68,2025-03-14
Carcassonne,43.2130358,2.3491069,2025-03-15,9.91,9.91,44,overcast clouds,0.01,200,9.91,2025-03-14
Carcassonne,43.2130358,2.3491069,2025-03-15,6.72,6.72,62,broken clouds,0.0,300,6.72,2025-03-14
Carcassonne,43.2130358,2.3491069,2025-03-15,3.99,3.99,83,few clouds,0.0,500,3.99,2025-03-14
Albi,43.9277552,2.147899,2025-03-15,3.67,2.52,77,overcast clouds,0.0,200,3.095,2025-03-14
Albi,43.9277552,2.147899,2025-03-15,1.21,-0.3,88,scattered clouds,0.0,400,0.4549999999999999,2025-03-14
Albi,43.9277552,2.147899,2025-03-15,-1.47,-1.47,97,few clouds,0.0,500,-1.47,2025-03-14
Albi,43.9277552,2.147899,2025-03-15,3.9,3.9,75,light snow,0.28,-20,3.9,2025-03-14
Albi,43.9277552,2.147899,2025-03-15,6.95,6.95,64,light rain,0.21,-10,6.95,2025-03-14
Albi,43.9277552,2.147899,2025-03-15,7.4,7.4,64,light rain,0.58,-10,7.4,2025-03-14
Albi,43.9277552,2.147899,2025-03-15,3.28,3.28,87,light rain,0.46,-10,3.28,2025-03-14
Albi,43.9277552,2.147899,2025-03-15,0.07,0.07,94,clear sky,0.0,600,0.07,2025-03-14
Ajaccio,41.9263991,8.7376029,2025-03-15,12.66,12.27,95,light rain,1.0,-10,12.465,2025-03-14
Ajaccio,41.9263991,8.7376029,2025-03-15,12.34,12.08,93,light rain,1.0,-10,12.21,2025-03-14
Ajaccio,41.9263991,8.7376029,2025-03-15,12.51,12.51,88,moderate rain,1.0,-20,12.51,2025-03-14
Ajaccio,41.9263991,8.7376029,2025-03-15,13.39,13.39,84,light rain,1.0,-10,13.39,2025-03-14
Ajaccio,41.9263991,8.7376029,2025-03-15,12.47,12.47,91,moderate rain,1.0,-20,12.47,2025-03-14
Ajaccio,41.9263991,8.7376029,2025-03-15,10.31,10.31,85,light rain,0.96,-10,10.31,2025-03-14
Ajaccio,41.9263991,8.7376029,2025-03-15,10.2,10.2,76,light rain,0.87,-10,10.2,2025-03-14
Ajaccio,41.9263991,8.7376029,2025-03-15,9.92,9.92,70,light rain,0.2,-10,9.92,2025-03-14
Chamonix,45.9246705,6.8727506,2025-03-15,0.28,0.17,94,light snow,0.5,-20,0.225,2025-03-14
Chamonix,45.9246705,6.8727506,2025-03-15,-0.23,-0.4,95,light snow,1.0,-20,-0.315,2025-03-14
Chamonix,45.9246705,6.8727506,2025-03-15,-2.37,-2.37,93,overcast clouds,0.77,200,-2.37,2025-03-14
Chamonix,45.9246705,6.8727506,2025-03-15,2.73,2.73,89,overcast clouds,0.0,200,2.73,2025-03-14
Chamonix,45.9246705,6.8727506,2025-03-15,3.93,3.93,94,light rain,0.2,-10,3.93,2025-03-14
Chamonix,45.9246705,6.8727506,2025-03-15,2.26,2.26,99,light snow,1.0,-20,2.26,2025-03-14
Chamonix,45.9246705,6.8727506,2025-03-15,0.67,0.67,98,snow,1.0,-40,0.67,2025-03-14
Chamonix,45.9246705,6.8727506,2025-03-15,-0.51,-0.51,97,snow,1.0,-40,-0.51,2025-03-14
Grenoble,45.1875602,5.7357819,2025-03-15,4.18,3.16,98,snow,1.0,-40,3.67,2025-03-14
Grenoble,45.1875602,5.7357819,2025-03-15,4.4,3.82,99,light snow,1.0,-20,4.11,2025-03-14
Grenoble,45.1875602,5.7357819,2025-03-15,4.15,4.15,100,light snow,1.0,-20,4.15,2025-03-14
Grenoble,45.1875602,5.7357819,2025-03-15,4.33,4.33,100,snow,1.0,-40,4.33,2025-03-14
Grenoble,45.1875602,5.7357819,2025-03-15,4.52,4.52,100,snow,1.0,-40,4.52,2025-03-14
Grenoble,45.1875602,5.7357819,2025-03-15,4.18,4.18,100,snow,1.0,-40,4.18,2025-03-14
Grenoble,45.1875602,5.7357819,2025-03-15,3.69,3.69,100,snow,1.0,-40,3.69,2025-03-14
Grenoble,45.1875602,5.7357819,2025-03-15,3.24,3.24,99,light snow,0.71,-20,3.24,2025-03-14
Nice,43.7009358,7.2683912,2025-03-15,12.18,11.83,89,light rain,1.0,-10,12.005,2025-03-14
Nice,43.7009358,7.2683912,2025-03-15,11.56,11.51,85,light rain,0.5,-10,11.535,2025-03-14
Nice,43.7009358,7.2683912,2025-03-15,11.3,11.3,88,light rain,0.97,-10,11.3,2025-03-14
Nice,43.7009358,7.2683912,2025-03-15,12.04,12.04,81,light rain,0.76,-10,12.04,2025-03-14
Nice,43.7009358,7.2683912,2025-03-15,11.11,11.11,89,light rain,1.0,-10,11.11,2025-03-14
Nice,43.7009358,7.2683912,2025-03-15,10.53,10.53,89,light rain,1.0,-10,10.53,2025-03-14
Nice,43.7009358,7.2683912,2025-03-15,10.62,10.62,80,light rain,1.0,-10,10.62,2025-03-14
Nice,43.7009358,7.2683912,2025-03-15,9.92,9.92,75,clear sky,0.0,600,9.92,2025-03-14
Marseille,43.2961743,5.3699525,2025-03-15,8.86,8.21,92,broken clouds,0.0,300,8.535,2025-03-14
Marseille,43.2961743,5.3699525,2025-03-15,8.14,7.62,90,broken clouds,0.0,300,7.880000000000001,2025-03-14
Marseille,43.2961743,5.3699525,2025-03-15,7.41,7.41,86,overcast clouds,0.0,200,7.41,2025-03-14
Marseille,43.2961743,5.3699525,2025-03-15,7.89,7.89,80,overcast clouds,0.0,200,7.89,2025-03-14
Marseille,43.2961743,5.3699525,2025-03-15,10.57,10.57,58,overcast clouds,0.0,200,10.57,2025-03-14
Marseille,43.2961743,5.3699525,2025-03-15,11.34,11.34,53,few clouds,0.0,500,11.34,2025-03-14
Marseille,43.2961743,5.3699525,2025-03-15,10.99,10.99,51,few clouds,0.0,500,10.99,2025-03-14
Marseille,43.2961743,5.3699525,2025-03-15,10.08,10.08,64,clear sky,0.0,600,10.08,2025-03-14
Montpellier,43.6112422,3.8767337,2025-03-15,6.73,6.49,81,overcast clouds,0.0,200,6.61,2025-03-14
Montpellier,43.6112422,3.8767337,2025-03-15,6.14,6.03,77,overcast clouds,0.0,200,6.085,2025-03-14
Montpellier,43.6112422,3.8767337,2025-03-15,5.43,5.43,71,overcast clouds,0.0,200,5.43,2025-03-14
Montpellier,43.6112422,3.8767337,2025-03-15,8.26,8.26,58,broken clouds,0.0,300,8.26,2025-03-14
Montpellier,43.6112422,3.8767337,2025-03-15,11.05,11.05,47,scattered clouds,0.0,400,11.05,2025-03-14
Montpellier,43.6112422,3.8767337,2025-03-15,10.5,10.5,48,few clouds,0.0,500,10.5,2025-03-14
Montpellier,43.6112422,3.8767337,2025-03-15,8.36,8.36,59,few clouds,0.0,500,8.36,2025-03-14
Montpellier,43.6112422,3.8767337,2025-03-15,6.15,6.15,68,few clouds,0.0,500,6.15,2025-03-14
Biarritz,43.4832523,-1.5592776,2025-03-15,7.53,5.99,69,light rain,1.0,-10,6.76,2025-03-14
Biarritz,43.4832523,-1.5592776,2025-03-15,6.29,5.29,75,light rain,0.6,-10,5.79,2025-03-14
Biarritz,43.4832523,-1.5592776,2025-03-15,5.12,5.12,82,light rain,0.5,-10,5.12,2025-03-14
Biarritz,43.4832523,-1.5592776,2025-03-15,7.14,7.14,77,light rain,0.58,-10,7.14,2025-03-14
Biarritz,43.4832523,-1.5592776,2025-03-15,8.2,8.2,64,light rain,0.71,-10,8.2,2025-03-14
Biarritz,43.4832523,-1.5592776,2025-03-15,8.33,8.33,66,light rain,0.52,-10,8.33,2025-03-14
Biarritz,43.4832523,-1.5592776,2025-03-15,7.03,7.03,72,light rain,0.46,-10,7.03,2025-03-14
Biarritz,43.4832523,-1.5592776,2025-03-15,6.85,6.85,73,light rain,0.7,-10,6.85,2025-03-14
Bayonne,43.4945144,-1.4736657,2025-03-15,7.14,4.58,71,light rain,0.98,-10,5.859999999999999,2025-03-14
Bayonne,43.4945144,-1.4736657,2025-03-15,5.43,3.94,80,overcast clouds,0.4,200,4.685,2025-03-14
Bayonne,43.4945144,-1.4736657,2025-03-15,3.57,3.57,89,overcast clouds,0.3,200,3.57,2025-03-14
Bayonne,43.4945144,-1.4736657,2025-03-15,6.89,6.89,80,light rain,0.38,-10,6.89,2025-03-14
Bayonne,43.4945144,-1.4736657,2025-03-15,8.55,8.55,61,light rain,0.52,-10,8.55,2025-03-14
Bayonne,43.4945144,-1.4736657,2025-03-15,8.59,8.59,64,light rain,0.56,-10,8.59,2025-03-14
Bayonne,43.4945144,-1.4736657,2025-03-15,6.46,6.46,75,light rain,0.45,-10,6.46,2025-03-14
Bayonne,43.4945144,-1.4736657,2025-03-15,6.05,6.05,77,light rain,0.5,-10,6.05,2025-03-14
La Rochelle,46.159732,-1.1515951,2025-03-15,4.05,3.99,82,clear sky,0.0,600,4.02,2025-03-14
La Rochelle,46.159732,-1.1515951,2025-03-15,3.08,2.64,82,scattered clouds,0.0,400,2.8600000000000003,2025-03-14
La Rochelle,46.159732,-1.1515951,2025-03-15,1.91,1.91,79,scattered clouds,0.0,400,1.91,2025-03-14
La Rochelle,46.159732,-1.1515951,2025-03-15,4.25,4.25,71,scattered clouds,0.0,400,4.25,2025-03-14
La Rochelle,46.159732,-1.1515951,2025-03-15,7.39,7.39,56,few clouds,0.0,500,7.39,2025-03-14
La Rochelle,46.159732,-1.1515951,2025-03-15,7.88,7.88,57,light rain,0.2,-10,7.88,2025-03-14
La Rochelle,46.159732,-1.1515951,2025-03-15,6.58,6.58,68,light rain,0.2,-10,6.58,2025-03-14
La Rochelle,46.159732,-1.1515951,2025-03-15,4.85,4.85,78,light rain,0.2,-10,4.85,2025-03-14
Saint-Malo,48.649518,-2.0260409,2025-03-15,5.17,4.92,75,clear sky,0.0,600,5.045,2025-03-14
Saint-Malo,48.649518,-2.0260409,2025-03-15,4.46,4.04,75,clear sky,0.0,600,4.25,2025-03-14
Saint-Malo,48.649518,-2.0260409,2025-03-15,2.98,2.98,93,light rain,0.22,-10,2.98,2025-03-14
Saint-Malo,48.649518,-2.0260409,2025-03-15,3.25,3.25,95,light rain,1.0,-10,3.25,2025-03-14
Saint-Malo,48.649518,-2.0260409,2025-03-15,6.79,6.79,58,light rain,0.96,-10,6.79,2025-03-14
Saint-Malo,48.649518,-2.0260409,2025-03-15,7.06,7.06,60,light rain,0.22,-10,7.06,2025-03-14
Saint-Malo,48.649518,-2.0260409,2025-03-15,5.79,5.79,63,broken clouds,0.0,300,5.79,2025-03-14
Saint-Malo,48.649518,-2.0260409,2025-03-15,4.84,4.84,70,overcast clouds,0.0,200,4.84,2025-03-14
Le Havre,49.4938975,0.1079732,2025-03-15,4.29,3.86,74,few clouds,0.0,500,4.075,2025-03-14
Le Havre,49.4938975,0.1079732,2025-03-15,3.88,3.57,73,few clouds,0.0,500,3.725,2025-03-14
Le Havre,49.4938975,0.1079732,2025-03-15,2.54,2.54,70,clear sky,0.0,600,2.54,2025-03-14
Le Havre,49.4938975,0.1079732,2025-03-15,4.49,4.49,62,clear sky,0.0,600,4.49,2025-03-14
Le Havre,49.4938975,0.1079732,2025-03-15,6.17,6.17,58,scattered clouds,0.0,400,6.17,2025-03-14
Le Havre,49.4938975,0.1079732,2025-03-15,6.62,6.62,56,overcast clouds,0.0,200,6.62,2025-03-14
Le Havre,49.4938975,0.1079732,2025-03-15,5.66,5.66,65,overcast clouds,0.0,200,5.66,2025-03-14
Le Havre,49.4938975,0.1079732,2025-03-15,5.04,5.04,73,overcast clouds,0.0,200,5.04,2025-03-14
Boulogne-sur-Mer,50.7259985,1.6118771,2025-03-15,3.15,2.85,73,few clouds,0.0,500,3.0,2025-03-14
Boulogne-sur-Mer,50.7259985,1.6118771,2025-03-15,2.27,2.05,73,scattered clouds,0.0,400,2.16,2025-03-14
Boulogne-sur-Mer,50.7259985,1.6118771,2025-03-15,1.99,1.99,71,scattered clouds,0.0,400,1.99,2025-03-14
Boulogne-sur-Mer,50.7259985,1.6118771,2025-03-15,4.93,4.93,59,clear sky,0.0,600,4.93,2025-03-14
Boulogne-sur-Mer,50.7259985,1.6118771,2025-03-15,5.47,5.47,59,scattered clouds,0.0,400,5.47,2025-03-14
Boulogne-sur-Mer,50.7259985,1.6118771,2025-03-15,5.54,5.54,62,broken clouds,0.0,300,5.54,2025-03-14
Boulogne-sur-Mer,50.7259985,1.6118771,2025-03-15,4.99,4.99,68,broken clouds,0.0,300,4.99,2025-03-14
Boulogne-sur-Mer,50.7259985,1.6118771,2025-03-15,4.44,4.44,73,few clouds,0.0,500,4.44,2025-03-14
